MA22-for-mut10V, ACGACAACAGCGTGGCCACGCTGTG
MA22-for-mut12V, ACAGCACCGCCGTGCTGTGTCTGGG
MA22-for-mut14V, CCGCCACGCTGGTGCTGGGCCACCA
MA22-for-mut15G, CCACGCTGTGTGGCGGCCACCACGC
MA22-for-mut18S, GTCTGGGCCACAGCGCCGTGCCTAA
MA22-for-mut19M, TGGGCCACCACATGGTGCCTAACGG
MA22-for-mut44A, CCGAGCTGGTGGCCAACTCTAGCAT
MA22-for-mut46T, TGGTGCAGAACACCAGCATCGGCAA
MA22-for-mut138C, GCACCAGCAGCTGCTGCAAGAGAGG
MA22-for-mut140C, GCAGCGCCTGCTGCAGAGGAAGCAG
MA22-for-mut142K, CCTGCAAGAGAAAGAGCAGCAGCTCT
MA22-for-mut146Q, GAAGCAGCAGCCAGTTCTTCAGCAG
MA22-for-mut186R, GTTCATCACCCCAGAACCGACAAGAAC
MA22-for-mut206W, TCACAGTGAGCTGGAAGCGGAGCCA
MA22-for-mut207W, CAGTGAGCACCTGGCGGAGCCAGCA
MA22-for-mut331A, AGACAAGAGGCGCCTTCGGCGCCAT
MA22-for-mut361G, ACTCCGAGGGCGGCGGCCAGGCCGC
MA22-for-mut401L, AGGAATTCTCTCTGGTGGAAGGCCG
MA22-for-mut449I, ATGAACAAGCTGTTCATCAAGACAAAGAAGCAG
MA22-rev-mut10V, CACAGCGTGGCCACGCTGTTGTCGT
MA22-rev-mut12V, CCCAGACACAGCACGGCGGTGCTGT
MA22-rev-mut14V, TGGTGGCCCAGCACCAGCGTGGCGG
MA22-rev-mut15G, GCGTGGTGGCCGCCACACAGCGTGG
MA22-rev-mut18S, TTAGGCACGGCGCTGTGGCCCAGAC
MA22-rev-mut19M, CCGTTAGGCACCATGTGGTGGCCCA
MA22-rev-mut44A, ATGCTAGAGTTGGCCACCAGCTCGG
MA22-rev-mut46T, TTGCCGATGCTGGTGTTCTGCACCA
MA22-rev-mut138C, CCTCTCTTGCAGCAGCTGCTGGTGC
MA22-rev-mut140C, CTGCTTCCTCTGCAGCAGGCGCTGC
MA22-rev-mut142K, AGAGCTGCTGCTCTTTCTCTTGCAGG
MA22-rev-mut146Q, CTGCTGAAGAACTGGCTGCTGCTTC
MA22-rev-mut186R, GTTCTTGTCGGTTCTGGGGTGATGAAC
MA22-rev-mut206W, TGGCTCCGCTTCCAGCTCACTGTGA
MA22-rev-mut207W, TGCTGGCTCCGCCAGGTGCTCACTG
MA22-rev-mut331A, ATGGCGCCGAAGGCGCCTCTTGTCT
MA22-rev-mut361G, GCGGCCTGGCCGCCGCCCTCGGAGT
MA22-rev-mut401L, CGGCCTTCCACCAGAGAGAATTCCT
MA22-rev-mut449I, CTGCTTCTTTGTCTTGATGAACAGCTTGTTCAT
