primer,sequence
ForInd_AddBC_2,gcggaactccactaggaacatttctctctcgaaTCTAGANNNNNNNNNNNNNNNNAGATCGGAAGAGCGTCGTGTAGGGAAAGAG
5'for_lib_bcing,gcacgcgCAGCCGAGCCACATCGCTCA
VEP_Amp_For,CAGCCGAGCCACATCGCTC
3â€™rev_linjoin_KHDC,CGGAAGAGCGTCGTGTAGGGAAAG
5_PacBio_G,ctagccattcagagGCAGCCGAGCCACgTCGCTC
3_PacBio_C,CGCTCAACCAGTACGAGCCGTAAGTTATGTAACGCGGAACTCCACcAGGAAC
5_PacBio_C,ctagccattcagagGCAGCCGAGCCACcTCGCTC
3_PacBio_G,CGCTCAACCAGTACGAGCCGTAAGTTATGTAACGCGGAACTCCACgAGGAAC
5_PacBio_Rnd2,CTAGCCATTCAGAGGCAGCCGAG
3_PacBio_Rnd2,CGCTCAACCAGTACGAGCCGTAAGTTATGTAAC
Illumina_Rnd1_For,CTCTTTCCCTACACGACGCTCTTCCGATCT
Illumina_Rnd1_Rev3,CTGGAGTTCAGACGTGTGCTCTTCCGATCTgtccctattggcgttactatgggaacatacgtc
Rnd2ForUniversal,AATGATACGGCGACCACCGAGATCTACACTCTTTCCCTACACGACGCTCTTCCGATCT
IlluminaRnd2_Rev,CAAGCAGAAGACGGCATACGAGATnnnnnnnnGTGACTGGAGTTCAGACGTGTGCTCTTCCGATCT
MA22_F195Y_fwd,ctccctgtatgctcaatcatcaggaagaatcacagtatctacca
MA22_F195Y_rev,atgattgagcatacagggagaattggttcttgtccgtatccg
MA22_D225N_fwd,cccagagtaaggAATatccctagcagaataagcatctattggacaatagtaaaac
MA22_D225N_rev,gggatATTccttactctgggtctagatccgatatttggga
MA22_S193F_fwd,ccaattcTTCctgtttgctcaatcatcaggaagaatcacagt
MA22_S193F_rev,gagcaaacagGAAgaattggttcttgtccgtatccgggtg
MA22_S205Y_fwd,gaatcacagtaTATaccaaaagaagccaacaagctgtaatccc
MA22_S205Y_rev,gcttcttttggtATAtactgtgattcttcctgatgattgagcaaacagg
MA22_R220T_fwd,cggatctACAcccagagtaagggatatccctagcagaataagc
MA22_R220T_rev,actctgggTGTagatccgatatttgggattacagcttgttggc
MA22_V223E_fwd,gacccagaGAAagggatatccctagcagaataagcatctattgga
MA22_V223E_rev,gatatccctTTCtctgggtctagatccgatatttgggattacagc
MA22_R229I_fwd,gatatccctagcATAataagcatctattggacaatagtaaaaccgggagac
MA22_R229I_rev,gatgcttatTATgctagggatatcccttactctgggtctagatc
MA22_K140I_fwd,ctgcgtgcATAaggggatctagtagtagtttttttagtagattaaattggttgacc
MA22_K140I_rev,cccctTATgcacgcagaacttgttccgttttgt
MA22_S144K_fwd,gggatctAAAagtagtttttttagtagattaaattggttgaccagcttaaacaaca
MA22_S144K_rev,ctactaaaaaaactactTTTagatccccttttgcacgcagaactt
MA22_N165H_fwd,agcacagCACgtgactatgccaaacaaggaacaatttgacaaattg
MA22_N165H_rev,atagtcacGTGctgtgctggatatatgttgtttaagctggtcaac
MA22_S145N_fwd,ggggatctagtAATagtttttttagtagattaaattggttgaccagcttaaacaacat
MA22_S145N_rev,actaaaaaaactATTactagatccccttttgcacgcagaac
MA22_V223I_fwd,gacccagaATAagggatatccctagcagaataagcatctattgga
MA22_V223I_rev,ggatatccctTATtctgggtctagatccgatatttgggattacagc
MA22_S107E_fwd,attatgccGAActtaggtcactagttgcctcatccgga
MA22_S107E_rev,tgacctaagTTCggcataatccggcacatcataagggtaac
MA22_G404R_fwd,ctcagaagtagaaAGAagagttcaagacctcgagaaatatgttgaggac
MA22_G404R_rev,gaactctTCTttctacttctgagaattctttttcaatctgatggaatttctcg
MA22_R307T_fwd,gtcccACAtacgttaagcaaagcaccctgaaattggc
MA22_R307T_rev,tgcttaacgtaTGTgggacaggccccgtatgtgatc
MA22_K131I_fwd,cggagtcATAcaaaacggaacaagttctgcgtgcaa
MA22_K131I_rev,ccgttttgTATgactccggtccaattgaagctttcatttttaaattcc
MA22_D186G_fwd,ccacccgGGTacggacaagaaccaattctccctgtttg
MA22_D186G_rev,tccgtACCcgggtggtgaaccccccaa
MA22_K189E_fwd,atacggacGAGaaccaattctccctgtttgctcaatcatcag
MA22_K189E_rev,aattggttCTCgtccgtatccgggtggtgaacc
PE09_I140K_fwd,GCTTGCAAAAGGAGATCTAAAAACAGTTTCTTTAGTAGATTGAATTGGTTGAC
PE09_I140K_rev,TTTAGATCTCCTTTTGCAAGCAGAGCTTGTTCCGTTTTGAG
PE09_K144S_fwd,AGGAGATCTAGTAACAGTTTCTTTAGTAGATTGAATTGGTTGACCCACT
PE09_K144S_rev,AAAGAAACTGTTACTAGATCTCCTTATGCAAGCAGAGCTTGTTCC